{"cameraMode":{"drawMode":0,"name":"Shaded","section":"Shading Mode"},"sceneLighting":true,"audioPlay":false,"sceneViewState":{"showFog":true,"showMaterialUpdate":false,"showSkybox":true,"showFlares":true,"showImageEffects":true,"showParticleSystems":true},"in2DMode":false,"pivot":{"x":-10.3223876953125,"y":9.900001525878907,"z":130.60000610351563},"rotation":{"x":-0.11860392242670059,"y":0.8253128528594971,"z":-0.18864288926124574,"w":-0.5189173817634583},"size":411.620849609375,"orthographic":false}